phone,business_name,area,category,website_status
01740712672,ইন্টারিওর স্টুডিও,Gulshan,Interior Design,No Website
01975584551,ইনোভেটিভ ডেকর,Banani,Interior Design,No Website
01770555999,অরা ইন্টারিওর & এক্সটারিওর ডিজাইন্স,Banani,Interior Design,No Website
01711033868,ডিজাইন & ডেকোর,Banani,Interior Design,No Website
01677813504,এসকে ইন্টারিওর,Dhanmondi,Interior Design,No Website
01671502396,ইনেক্সটারিওর,Dhanmondi,Interior Design,No Website
01707961195,থিঙ্কস্পেস ইন্টারিওর স্টুডিও,Dhanmondi,Interior Design,No Website
01778267291,NOKSHA Interior Designers Bangladesh,Dhanmondi,Interior Design,No Website
01738885551,কনসেপচুয়াল ইন্টারিওর সলিউশন,Uttara,Interior Design,No Website
01711371372,Option One Interior & Architects,Uttara,Interior Design,No Website
01623466044,ইনক্রিয়েশন ডিজাইন & ডেভেলপমেন্ট,Uttara,Interior Design,No Website
+19198171448,ইন্টারিওস ডিজাইন হোম,Uttara,Interior Design,No Website
01709249446,Grid Form interiors,Uttara,Interior Design,No Website
01955464625,লিমিনাল ইন্টারিওর,Uttara,Interior Design,No Website
01760153831,ইউনিক ওয়াল ডেকোর,Uttara,Interior Design,No Website
01712602920,রানডম ড্রিম ইন্টারিওর বিডি,Uttara,Interior Design,No Website
01403218928,ঢাকা ইন্টারিওর ডিজাইনিং,Uttara,Interior Design,No Website
01972077277,ইন্টারিওর ডিজাইন,Uttara,Interior Design,No Website
01756644960,হোম ডিজাইন & ইন্টারিওস,Uttara,Interior Design,No Website
01898331048,ইন্টারিওর ডেকোরেশন রিপেয়ারিং অ্যান্ড ফলসে সিলিং ডেকোরেশন,Mirpur,Interior Design,No Website
